{"cameraMode":{"drawMode":0,"name":"Shaded","section":"Shading Mode"},"sceneLighting":false,"audioPlay":false,"sceneViewState":{"showFog":false,"showMaterialUpdate":false,"showSkybox":false,"showFlares":false,"showImageEffects":false,"showParticleSystems":false},"in2DMode":false,"pivot":{"x":2.4760425090789797,"y":4.511734485626221,"z":1.4618189334869385},"rotation":{"x":-0.03231671825051308,"y":0.9676809310913086,"z":-0.17789824306964875,"w":-0.17578767240047456},"size":3.4414780139923097,"orthographic":false}