{"cameraMode":{"drawMode":0,"name":"Shaded","section":"Shading Mode"},"sceneLighting":false,"audioPlay":false,"sceneViewState":{"showFog":false,"showMaterialUpdate":false,"showSkybox":false,"showFlares":false,"showImageEffects":false,"showParticleSystems":false},"in2DMode":false,"pivot":{"x":1.3098137378692628,"y":1.6504125595092774,"z":1.6958212852478028},"rotation":{"x":-0.08644313365221024,"y":0.7358376979827881,"z":-0.09568481147289276,"w":-0.6647676825523377},"size":2.2147042751312258,"orthographic":false}