{"cameraMode":{"drawMode":0,"name":"Shaded","section":"Shading Mode"},"sceneLighting":true,"audioPlay":false,"sceneViewState":{"showFog":false,"showMaterialUpdate":false,"showSkybox":false,"showFlares":false,"showImageEffects":false,"showParticleSystems":false},"in2DMode":false,"pivot":{"x":-5.300000190734863,"y":0.6000000238418579,"z":-3.0999999046325685},"rotation":{"x":0.014590667560696602,"y":0.8617876172065735,"z":-0.5064530968666077,"w":0.02482721582055092},"size":2.2981841564178469,"orthographic":false}